1,1610697702310,MYR,99.99,https://localhost:44333/Default,1,test@hawooo.com,Testing,Test,0123456789,Male,1990-11-11 11:11:00,MTK,PH,MY,12312323,,"Mozilla/5.0 (Windows NT 10.0; Win64; x64) AppleWebKit/537.36 (KHTML, like Gecko) Chrome/87.0.4280.141 Safari/537.36",,fb.1.1606786643657.1384939477,,2021-01-15 08:01:42.31,0
2,1610697705764,MYR,929.99,https://localhost:44333/Default,1,test@hawooo.com,Testing,Test,0123456789,Male,1990-11-11 11:11:00,MTK,PH,MY,12312323,,"Mozilla/5.0 (Windows NT 10.0; Win64; x64) AppleWebKit/537.36 (KHTML, like Gecko) Chrome/87.0.4280.141 Safari/537.36",,fb.1.1606786643657.1384939477,,2021-01-15 08:01:45.764,0
3,1610697708513,MYR,919.99,https://localhost:44333/Default,1,test@hawooo.com,Testing,Test,0123456789,Male,1990-11-11 11:11:00,MTK,PH,MY,12312323,,"Mozilla/5.0 (Windows NT 10.0; Win64; x64) AppleWebKit/537.36 (KHTML, like Gecko) Chrome/87.0.4280.141 Safari/537.36",,fb.1.1606786643657.1384939477,,2021-01-15 08:01:48.513,0
4,1610697712078,MYR,939.99,https://localhost:44333/Default,1,test@hawooo.com,Testing,Test,0123456789,Male,1990-11-11 11:11:00,MTK,PH,MY,12312323,,"Mozilla/5.0 (Windows NT 10.0; Win64; x64) AppleWebKit/537.36 (KHTML, like Gecko) Chrome/87.0.4280.141 Safari/537.36",,fb.1.1606786643657.1384939477,,2021-01-15 08:01:52.079,0
5,1610697717416,MYR,994.99,https://localhost:44333/Default,1,test@hawooo.com,Testing,Test,0123456789,Male,1990-11-11 11:11:00,MTK,PH,MY,12312323,,"Mozilla/5.0 (Windows NT 10.0; Win64; x64) AppleWebKit/537.36 (KHTML, like Gecko) Chrome/87.0.4280.141 Safari/537.36",,fb.1.1606786643657.1384939477,,2021-01-15 08:01:57.416,0
6,1610697720970,MYR,992.99,https://localhost:44333/Default,1,test@hawooo.com,Testing,Test,0123456789,Male,1990-11-11 11:11:00,MTK,PH,MY,12312323,,"Mozilla/5.0 (Windows NT 10.0; Win64; x64) AppleWebKit/537.36 (KHTML, like Gecko) Chrome/87.0.4280.141 Safari/537.36",,fb.1.1606786643657.1384939477,,2021-01-15 08:02:00.97,0
7,1610697724766,MYR,919.99,https://localhost:44333/Default,1,test@hawooo.com,Testing,Test,0123456789,Male,1990-11-11 11:11:00,MTK,PH,MY,12312323,,"Mozilla/5.0 (Windows NT 10.0; Win64; x64) AppleWebKit/537.36 (KHTML, like Gecko) Chrome/87.0.4280.141 Safari/537.36",,fb.1.1606786643657.1384939477,,2021-01-15 08:02:04.766,0
8,1610697728413,MYR,199.99,https://localhost:44333/Default,1,test@hawooo.com,Testing,Test,0123456789,Male,1990-11-11 11:11:00,MTK,PH,MY,12312323,,"Mozilla/5.0 (Windows NT 10.0; Win64; x64) AppleWebKit/537.36 (KHTML, like Gecko) Chrome/87.0.4280.141 Safari/537.36",,fb.1.1606786643657.1384939477,,2021-01-15 08:02:08.413,0
9,1610697735226,MYR,499.99,https://localhost:44333/Default,1,test@hawooo.com,Testing,Test,0123456789,Male,1990-11-11 11:11:00,MTK,PH,MY,12312323,,"Mozilla/5.0 (Windows NT 10.0; Win64; x64) AppleWebKit/537.36 (KHTML, like Gecko) Chrome/87.0.4280.141 Safari/537.36",,fb.1.1606786643657.1384939477,,2021-01-15 08:02:15.226,0
10,1610699027802,MYR,929.99,https://localhost:44333/,1,test@hawooo.com,Testing,Test,0123456789,Male,1990-11-11 11:11:00,MTK,PH,MY,12312323,,"Mozilla/5.0 (Windows NT 10.0; Win64; x64) AppleWebKit/537.36 (KHTML, like Gecko) Chrome/87.0.4280.141 Safari/537.36",,fb.1.1606786643657.1384939477,,2021-01-15 08:23:47.802,0
