1,1610699215874,MYR,99.99,https://www.hawooo.com/user/productdetail.aspx?,test@hawooo.com,Testing,Test,0123456789,Male,1990-11-11 11:11:00,MTK,PH,MY,12312323,,"Mozilla/5.0 (Windows NT 10.0; Win64; x64) AppleWebKit/537.36 (KHTML, like Gecko) Chrome/87.0.4280.141 Safari/537.36",,fb.1.1606786643657.1384939477,,2021-01-15 08:26:55.874,0
2,1610699222388,MYR,99.99,https://www.hawooo.com/user/productdetail.aspx?,test@hawooo.com,Testing,Test,0123456789,Male,1990-11-11 11:11:00,MTK,PH,MY,12312323,,"Mozilla/5.0 (Windows NT 10.0; Win64; x64) AppleWebKit/537.36 (KHTML, like Gecko) Chrome/87.0.4280.141 Safari/537.36",,fb.1.1606786643657.1384939477,,2021-01-15 08:27:02.388,0
3,1610699223011,MYR,99.99,https://www.hawooo.com/user/productdetail.aspx?,test@hawooo.com,Testing,Test,0123456789,Male,1990-11-11 11:11:00,MTK,PH,MY,12312323,,"Mozilla/5.0 (Windows NT 10.0; Win64; x64) AppleWebKit/537.36 (KHTML, like Gecko) Chrome/87.0.4280.141 Safari/537.36",,fb.1.1606786643657.1384939477,,2021-01-15 08:27:03.011,0
4,1610699223545,MYR,99.99,https://www.hawooo.com/user/productdetail.aspx?,test@hawooo.com,Testing,Test,0123456789,Male,1990-11-11 11:11:00,MTK,PH,MY,12312323,,"Mozilla/5.0 (Windows NT 10.0; Win64; x64) AppleWebKit/537.36 (KHTML, like Gecko) Chrome/87.0.4280.141 Safari/537.36",,fb.1.1606786643657.1384939477,,2021-01-15 08:27:03.545,0
5,1610699224108,MYR,99.99,https://www.hawooo.com/user/productdetail.aspx?,test@hawooo.com,Testing,Test,0123456789,Male,1990-11-11 11:11:00,MTK,PH,MY,12312323,,"Mozilla/5.0 (Windows NT 10.0; Win64; x64) AppleWebKit/537.36 (KHTML, like Gecko) Chrome/87.0.4280.141 Safari/537.36",,fb.1.1606786643657.1384939477,,2021-01-15 08:27:04.108,0
6,1610699224639,MYR,99.99,https://www.hawooo.com/user/productdetail.aspx?,test@hawooo.com,Testing,Test,0123456789,Male,1990-11-11 11:11:00,MTK,PH,MY,12312323,,"Mozilla/5.0 (Windows NT 10.0; Win64; x64) AppleWebKit/537.36 (KHTML, like Gecko) Chrome/87.0.4280.141 Safari/537.36",,fb.1.1606786643657.1384939477,,2021-01-15 08:27:04.639,0
7,1610699225189,MYR,99.99,https://www.hawooo.com/user/productdetail.aspx?,test@hawooo.com,Testing,Test,0123456789,Male,1990-11-11 11:11:00,MTK,PH,MY,12312323,,"Mozilla/5.0 (Windows NT 10.0; Win64; x64) AppleWebKit/537.36 (KHTML, like Gecko) Chrome/87.0.4280.141 Safari/537.36",,fb.1.1606786643657.1384939477,,2021-01-15 08:27:05.189,0
8,1610699225728,MYR,99.99,https://www.hawooo.com/user/productdetail.aspx?,test@hawooo.com,Testing,Test,0123456789,Male,1990-11-11 11:11:00,MTK,PH,MY,12312323,,"Mozilla/5.0 (Windows NT 10.0; Win64; x64) AppleWebKit/537.36 (KHTML, like Gecko) Chrome/87.0.4280.141 Safari/537.36",,fb.1.1606786643657.1384939477,,2021-01-15 08:27:05.728,0
9,1610699226285,MYR,99.99,https://www.hawooo.com/user/productdetail.aspx?,test@hawooo.com,Testing,Test,0123456789,Male,1990-11-11 11:11:00,MTK,PH,MY,12312323,,"Mozilla/5.0 (Windows NT 10.0; Win64; x64) AppleWebKit/537.36 (KHTML, like Gecko) Chrome/87.0.4280.141 Safari/537.36",,fb.1.1606786643657.1384939477,,2021-01-15 08:27:06.285,0
10,1610699226891,MYR,99.99,https://www.hawooo.com/user/productdetail.aspx?,test@hawooo.com,Testing,Test,0123456789,Male,1990-11-11 11:11:00,MTK,PH,MY,12312323,,"Mozilla/5.0 (Windows NT 10.0; Win64; x64) AppleWebKit/537.36 (KHTML, like Gecko) Chrome/87.0.4280.141 Safari/537.36",,fb.1.1606786643657.1384939477,,2021-01-15 08:27:06.891,0
