1,1610697702310,MYR,99.99,https://www.hawooo.com/user/productdetail.aspx?,1,test1@hawooo.com,UserN1,Test1,0123456789,Male,19901102,MTK,PH,MY,12312323,,"Mozilla/5.0 (Windows NT 10.0; Win64; x64) AppleWebKit/537.36 (KHTML, like Gecko) Chrome/87.0.4280.141 Safari/537.36",,fb.1.1606786643657.1384939477,,2021-01-15 08:01:42.31,0
2,1610697705764,MYR,929.99,https://www.hawooo.com/user/productdetail.aspx?,1,test2@hawooo.com,UserN2,Test2,0123456789,Male,19900111,MTK,PH,MY,12312323,,"Mozilla/5.0 (Windows NT 10.0; Win64; x64) AppleWebKit/537.36 (KHTML, like Gecko) Chrome/87.0.4280.141 Safari/537.36",,fb.1.1606786643657.1384939477,,2021-01-15 08:01:45.764,0
3,1610697708513,MYR,919.99,https://www.hawooo.com/user/productdetail.aspx?,1,test3@hawooo.com,UserN3,Test3,0123456789,Male,19900311,MTK,PH,MY,12312323,,"Mozilla/5.0 (Windows NT 10.0; Win64; x64) AppleWebKit/537.36 (KHTML, like Gecko) Chrome/87.0.4280.141 Safari/537.36",,fb.1.1606786643657.1384939477,,2021-01-15 08:01:48.513,0
4,1610697712078,MYR,939.99,https://www.hawooo.com/user/productdetail.aspx?,1,test4@hawooo.com,UserN4,Test4,0123456789,Male,19900211,MTK,PH,MY,12312323,,"Mozilla/5.0 (Windows NT 10.0; Win64; x64) AppleWebKit/537.36 (KHTML, like Gecko) Chrome/87.0.4280.141 Safari/537.36",,fb.1.1606786643657.1384939477,,2021-01-15 08:01:52.079,0
5,1610697717416,MYR,994.99,https://www.hawooo.com/user/productdetail.aspx?,1,test5@hawooo.com,UserN5,Test5,0123456789,Male,19900411,MTK,PH,MY,12312323,,"Mozilla/5.0 (Windows NT 10.0; Win64; x64) AppleWebKit/537.36 (KHTML, like Gecko) Chrome/87.0.4280.141 Safari/537.36",,fb.1.1606786643657.1384939477,,2021-01-15 08:01:57.416,0
6,1610697720970,MYR,992.99,https://www.hawooo.com/user/productdetail.aspx?,1,test6@hawooo.com,UserN6,Test6,0123456789,Male,19900511,MTK,PH,MY,12312323,,"Mozilla/5.0 (Windows NT 10.0; Win64; x64) AppleWebKit/537.36 (KHTML, like Gecko) Chrome/87.0.4280.141 Safari/537.36",,fb.1.1606786643657.1384939477,,2021-01-15 08:02:00.97,0
7,1610697724766,MYR,919.99,https://www.hawooo.com/user/productdetail.aspx?,1,test7@hawooo.com,UserN7,Test7,0123456789,Male,19900611,MTK,PH,MY,12312323,,"Mozilla/5.0 (Windows NT 10.0; Win64; x64) AppleWebKit/537.36 (KHTML, like Gecko) Chrome/87.0.4280.141 Safari/537.36",,fb.1.1606786643657.1384939477,,2021-01-15 08:02:04.766,0
8,1610697728413,MYR,199.99,https://www.hawooo.com/user/productdetail.aspx?,1,test8@hawooo.com,UserN8,Test8,0123456789,Male,19900711,MTK,PH,MY,12312323,,"Mozilla/5.0 (Windows NT 10.0; Win64; x64) AppleWebKit/537.36 (KHTML, like Gecko) Chrome/87.0.4280.141 Safari/537.36",,fb.1.1606786643657.1384939477,,2021-01-15 08:02:08.413,0
9,1610697735226,MYR,499.99,https://www.hawooo.com/user/productdetail.aspx?,1,test9@hawooo.com,UserN9,Test9,0123456789,Male,19900811,MTK,PH,MY,12312323,,"Mozilla/5.0 (Windows NT 10.0; Win64; x64) AppleWebKit/537.36 (KHTML, like Gecko) Chrome/87.0.4280.141 Safari/537.36",,fb.1.1606786643657.1384939477,,2021-01-15 08:02:15.226,0
10,1610699027802,MYR,929.99,https://www.hawooo.com/user/productdetail.aspx?,1,test10@hawooo.com,UserN10,Test10,0123456789,Male,19900911,MTK,PH,MY,12312323,,"Mozilla/5.0 (Windows NT 10.0; Win64; x64) AppleWebKit/537.36 (KHTML, like Gecko) Chrome/87.0.4280.141 Safari/537.36",,fb.1.1606786643657.1384939477,,2021-01-15 08:23:47.802,0
