1,1610698818983,432.12,MYR,99.99,https://www.hawooo.com/user/productdetail.aspx?,test@hawooo.com,UserN1,Test1,0123456789,Male,19901111,MTK,PH,MY,12312323,,"Mozilla/5.0 (Windows NT 10.0; Win64; x64) AppleWebKit/537.36 (KHTML, like Gecko) Chrome/87.0.4280.141 Safari/537.36",,fb.1.1606786643657.1384939477,,2021-01-15 08:20:39.997,0
2,1610698850616,432.12,MYR,199.99,https://www.hawooo.com/user/productdetail.aspx?,test@hawooo.com,UserN2,Test2,0123456789,Male,19911111,MTK,PH,MY,12312323,,"Mozilla/5.0 (Windows NT 10.0; Win64; x64) AppleWebKit/537.36 (KHTML, like Gecko) Chrome/87.0.4280.141 Safari/537.36",,fb.1.1606786643657.1384939477,,2021-01-15 08:20:50.616,0
3,1610698859278,432.12,MYR,299.99,https://www.hawooo.com/user/productdetail.aspx?,test@hawooo.com,UserN3,Test3,0123456789,Male,19921111,MTK,PH,MY,12312323,,"Mozilla/5.0 (Windows NT 10.0; Win64; x64) AppleWebKit/537.36 (KHTML, like Gecko) Chrome/87.0.4280.141 Safari/537.36",,fb.1.1606786643657.1384939477,,2021-01-15 08:20:59.278,0
4,1610698862703,432.12,MYR,399.99,https://www.hawooo.com/user/productdetail.aspx?,test@hawooo.com,UserN4,Test4,0123456789,Male,19931111,MTK,PH,MY,12312323,,"Mozilla/5.0 (Windows NT 10.0; Win64; x64) AppleWebKit/537.36 (KHTML, like Gecko) Chrome/87.0.4280.141 Safari/537.36",,fb.1.1606786643657.1384939477,,2021-01-15 08:21:02.703,0
5,1610698871151,432.12,MYR,499.99,https://www.hawooo.com/user/productdetail.aspx?,test@hawooo.com,UserN5,Test5,0123456789,Male,19941111,MTK,PH,MY,12312323,,"Mozilla/5.0 (Windows NT 10.0; Win64; x64) AppleWebKit/537.36 (KHTML, like Gecko) Chrome/87.0.4280.141 Safari/537.36",,fb.1.1606786643657.1384939477,,2021-01-15 08:21:11.151,0
6,1610698874960,432.12,MYR,599.99,https://www.hawooo.com/user/productdetail.aspx?,test@hawooo.com,UserN6,Test6,0123456789,Male,19951111,MTK,PH,MY,12312323,,"Mozilla/5.0 (Windows NT 10.0; Win64; x64) AppleWebKit/537.36 (KHTML, like Gecko) Chrome/87.0.4280.141 Safari/537.36",,fb.1.1606786643657.1384939477,,2021-01-15 08:21:14.96,0
7,1610698878712,432.12,MYR,699.99,https://www.hawooo.com/user/productdetail.aspx?,test@hawooo.com,UserN7,Test7,0123456789,Male,19961111,MTK,PH,MY,12312323,,"Mozilla/5.0 (Windows NT 10.0; Win64; x64) AppleWebKit/537.36 (KHTML, like Gecko) Chrome/87.0.4280.141 Safari/537.36",,fb.1.1606786643657.1384939477,,2021-01-15 08:21:18.712,0
8,1610698882761,432.12,MYR,799.99,https://www.hawooo.com/user/productdetail.aspx?,test@hawooo.com,UserN8,Test8,0123456789,Male,19971111,MTK,PH,MY,12312323,,"Mozilla/5.0 (Windows NT 10.0; Win64; x64) AppleWebKit/537.36 (KHTML, like Gecko) Chrome/87.0.4280.141 Safari/537.36",,fb.1.1606786643657.1384939477,,2021-01-15 08:21:22.762,0
9,1610698895552,432.12,MYR,899.99,https://www.hawooo.com/user/productdetail.aspx?,test@hawooo.com,UserN9,Test9,0123456789,Male,19981111,MTK,PH,MY,12312323,,"Mozilla/5.0 (Windows NT 10.0; Win64; x64) AppleWebKit/537.36 (KHTML, like Gecko) Chrome/87.0.4280.141 Safari/537.36",,fb.1.1606786643657.1384939477,,2021-01-15 08:21:35.552,0
10,1610698899090,432.12,MYR,999.99,https://www.hawooo.com/user/productdetail.aspx?,test@hawooo.com,UserN10,Test10,0123456789,Male,19991111,MTK,PH,MY,12312323,,"Mozilla/5.0 (Windows NT 10.0; Win64; x64) AppleWebKit/537.36 (KHTML, like Gecko) Chrome/87.0.4280.141 Safari/537.36",,fb.1.1606786643657.1384939477,,2021-01-15 08:21:39.09,0
